question_id,result
0,B
1,C
5,A
6,A
8,A
12,A
13,C
20,A
25,A
27,B
29,A
33,C
36,D
38,A
39,D
40,A
41,A
42,B
43,C
52,A
53,B
54,A
55,A
57,B
58,B
59,A
61,A
64,B
67,C
70,D
74,A
77,A
81,A
84,D
86,A
87,A
89,C
90,B
93,A
94,B
95,C
96,A
99,C
101,B
102,A
105,B
107,B
108,C
111,D
112,A
113,B
115,C
117,D
118,D
120,C
122,B
124,B
126,A
127,A
130,A
133,B
134,A
135,C
136,D
139,C
140,C
143,C
144,A
148,A
149,C
150,A
153,A
154,A
155,D
157,A
160,A
163,C
165,B
166,A
167,C
169,B
170,A
172,D
173,A
177,A
178,A
182,C
186,C
188,C
189,A
192,B
195,B
199,A
200,A
206,A
207,A
208,A
210,C
211,A
213,A
215,B
216,A
217,B
220,C
221,B
223,B
224,D
230,A
231,D
234,D
236,A
237,C
238,A
241,B
243,A
245,A
246,B
247,A
252,A
254,C
255,D
259,C
264,C
267,A
268,A
269,C
270,D
272,C
273,B
274,B
275,C
276,D
278,A
283,C
284,B
287,D
288,A
289,A
292,D
293,C
295,A
297,B
298,A
300,C
303,B
310,A
311,A
313,A
315,C
317,A
319,A
322,B
324,D
326,B
327,A
328,D
330,B
332,C
334,C
337,C
340,A
342,B
344,A
345,B
346,D
347,A
348,A
350,A
353,A
354,A
355,A
357,C
360,D
362,A
368,B
371,C
372,D
374,C
375,A
377,C
378,A
382,A
383,A
385,C
386,B
387,A
391,B
392,A
396,C
398,C
399,D
401,D
402,B
403,A
405,A
410,A
412,B
415,D
416,D
418,A
419,D
420,A
422,C
425,A
427,D
428,A
430,B
432,D
435,D
436,A
438,B
439,A
441,A
445,C
447,D
451,A
452,A
455,A
456,A
461,B
463,A
467,B
469,D
470,A
471,A
473,C
475,B
478,A
480,D
483,C
484,A
485,A
488,B
499,B
500,B
502,C
503,A
504,C
506,C
507,D
511,A
513,D
514,A
516,C
520,A
521,B
522,A
527,B
528,D
533,D
535,A
539,C
540,B
543,B
547,C
548,A
549,C
550,A
551,A
553,B
554,D
555,A
558,C
560,B
561,D
564,A
565,B
566,B
567,D
574,B
577,C
578,A
580,D
581,A
583,D
584,A
585,B
594,A
596,C
597,C
601,A
604,C
606,D
607,B
609,C
610,A
612,D
613,A
615,A
616,A
619,A
620,B
621,C
622,C
624,C
628,C
629,D
630,D
631,D
634,B
635,B
636,B
637,D
638,A
639,A
641,A
642,A
643,D
644,D
645,A
647,A
650,D
653,C
655,A
656,A
662,D
663,A
664,C
665,D
671,C
672,D
676,B
677,C
678,A
679,A
681,D
682,C
683,A
686,C
687,D
688,C
690,D
691,A
692,A
693,A
695,B
697,A
698,A
699,A
705,A
706,B
707,D
712,A
714,A
715,A
716,A
719,D
721,B
723,A
724,C
726,C
728,B
729,A
730,B
733,A
735,C
738,C
740,B
745,D
749,A
750,D
755,B
756,A
757,A
759,B
760,D
762,C
765,D
767,C
770,C
771,A
773,C
774,B
775,A
778,A
785,D
786,D
787,A
789,A
790,C
791,A
793,A
795,A
796,D
797,D
803,A
804,C
805,A
806,D
807,B
811,A
812,B
819,B
821,B
822,A
825,A
828,A
829,A
830,D
835,C
836,D
837,D
838,A
839,A
840,B
841,A
845,D
850,D
852,A
853,C
855,A
856,A
857,B
862,C
863,A
864,B
865,A
869,C
870,A
872,A
873,B
881,B
885,D
887,A
888,A
892,A
893,C
895,D
897,C
899,B
901,A
903,A
904,C
905,A
909,A
910,D
912,A
913,D
918,D
919,B
921,A
922,D
925,C
926,B
927,C
929,D
933,A
935,A
937,A
939,A
943,B
946,A
947,D
952,C
953,A
954,A
956,B
957,A
958,A
959,D
960,C
961,A
963,C
969,A
971,A
975,B
976,B
977,B
978,D
979,A
980,D
981,A
983,A
990,D
994,B
995,D
996,A
997,A
999,A
1002,C
1003,B
1004,A
1006,D
1008,A
1009,C
1010,A
1016,D
1018,A
1019,A
1020,A
1021,D
1023,A
1024,D
1030,B
1032,A
1037,A
1041,A
1042,A
1043,B
1045,A
1054,B
1055,D
1057,A
1060,A
1062,A
1064,B
1068,D
1072,A
1073,B
1074,C
1075,D
1079,A
1081,A
1083,B
1086,A
1089,C
1090,D
1091,A
1092,A
1094,C
1096,A
1097,D
1103,A
1104,C
1105,A
1107,B
1108,A
1112,B
1113,A
1114,B
1115,A
1117,A
1118,A
1119,A
1129,A
1133,A
1135,C
1136,B
1137,D
1139,A
1142,B
1145,D
1146,A
1147,B
1148,C
1149,A
1152,B
1153,A
1166,D
1169,D
1172,D
1173,C
1174,B
1175,B
1178,B
1181,B
1182,A
1183,C
1184,C
1186,B
1187,C
1189,B
1196,B
1199,D
1201,D
1202,A
1203,C
1205,A
1207,A
1209,B
1214,B
1220,A
1222,A
1224,A
1228,A
1235,A
1237,A
1238,D
1242,C
1243,A
1244,A
1247,D
1250,B
1251,B
1252,B
1254,C
1268,C
1270,A
1275,A
1276,D
1277,A
1278,A
1279,A
1282,D
1285,D
1287,A
1290,D
1292,C
1293,A
1295,D
1302,A
1303,D
1305,D
1306,B
1309,A
1311,A
1312,B
1313,A
1315,A
1319,B
1320,B
1321,A
1322,A
1323,C
1324,B
1325,D
1326,A
1329,A
1333,A
1334,B
1335,C
1336,A
1337,C
1338,A
1339,A
1340,B
1343,D
1344,A
1349,C
1351,A
1352,B
1353,A
1355,C
1358,D
1360,D
1361,B
1362,B
1366,D
1367,C
1369,B
1372,A
1374,A
1381,A
1384,D
1386,A
1389,C
1390,D
1391,B
1392,C
1394,D
1396,B
1397,B
1398,D
1399,A
1401,B
1405,D
1407,C
1409,D
1410,B
1418,D
1420,A
1423,C
1424,D
1425,C
1427,D
1428,C
1429,D
1432,D
1436,A
1437,A
1441,C
1442,A
1446,D
1447,D
1450,B
1452,A
1456,A
1462,C
1463,C
1464,A
1465,C
1471,C
1484,B
1485,C
1486,B
1492,C
1494,C
1495,A
1497,A
1498,B
1501,D
1502,D
1503,C
1509,A
1510,C
1511,B
1513,B
1515,A
1517,B
1519,A
1520,C
1525,A
1529,B
1530,D
1534,D
1535,D
1538,A
1539,B
1543,A
1545,B
1546,A
1548,A
1554,C
1556,A
1558,A
1559,A
1562,A
1564,A
1566,A
1570,B
1571,A
1572,B
1574,B
1575,A
1577,D
1583,A
1587,A
1588,B
1590,A
1592,A
1593,A
1594,C
1595,C
1596,A
1598,A
1601,B
1609,A
1611,C
1616,A
1618,A
1621,A
1623,B
1626,D
1633,A
1635,B
1636,A
1637,B
1638,D
1641,A
1646,A
1650,A
1656,A
1658,C
1659,A
1662,B
1663,B
1664,A
1668,A
1669,B
1670,A
1672,A
1674,B
1675,A
1677,D
1680,A
1681,C
1682,A
1683,A
1685,B
1689,B
1691,A
1692,D
1698,A
1700,C
1701,A
1705,A
1707,A
1708,B
1711,A
1715,D
1716,C
1718,B
1720,D
1722,A
1723,B
1724,D
1725,B
1727,A
1728,A
1731,B
1732,A
1733,B
1734,B
1736,A
1738,D
1739,D
1741,A
1747,D
1750,D
1752,A
1753,A
1754,B
1756,A
1757,B
1758,B
1760,A
1761,B
1763,A
1765,D
1768,D
1771,A
1772,B
1773,A
1776,A
1777,B
1781,A
1785,C
1786,A
1787,B
1801,B
1807,C
1809,D
1810,C
1811,A
1813,C
1814,B
1816,B
1817,D
1819,B
1821,A
1822,A
1824,D
1826,B
1827,D
1828,A
1829,A
1833,D
1836,B
1839,A
1840,A
1844,A
1846,A
1848,A
1849,A
1850,A
1853,B
1854,B
1855,A
1856,A
1858,A
1859,C
1860,C
1866,C
1867,D
1869,C
1871,B
1873,A
1874,B
1875,A
1876,A
1880,B
1881,B
1884,B
1887,A
1889,D
1892,A
1893,C
1895,B
1896,D
1899,C
1901,A
1907,A
1908,D
1910,A
1911,B
1914,D
1915,A
1917,B
1919,C
1920,A
1922,A
1923,A
1924,C
1926,C
1927,B
1929,A
1937,D
1939,A
1940,A
1941,B
1942,B
1943,A
1944,A
1946,B
1947,A
1948,B
1953,C
1960,A
1961,B
1963,B
1965,A
1966,C
1967,A
1971,A
1972,C
1976,A
1977,C
1978,B
1980,A
1981,C
1982,B
1984,D
1985,C
1988,A
1990,A
1991,B
1995,D
1997,A
1999,C
2001,B
2003,D
2004,A
2006,B
2008,C
2009,C
2010,D
2011,D
2013,A
2016,B
2019,B
2026,C
2027,A
2028,A
2029,A
2031,A
2033,D
2035,C
2036,A
2038,C
2047,A
2049,A
2051,A
2055,C
2058,A
2060,C
2062,C
2064,A
2066,C
2069,B
2070,C
2082,B
2083,A
2085,C
2090,B
2092,D
2094,B
2097,A
2098,C
2099,D
2100,A
2102,D
2103,C
2104,C
2105,B
2106,D
2109,A
2110,B
2111,D
2114,D
2121,D
2124,B
2125,A
2126,B
2128,A
2129,D
2130,C
2134,D
2137,B
2138,A
2141,A
2142,A
2144,A
2146,A
2147,D
2151,A
2154,B
2155,C
2158,A
2161,C
2163,A
2164,C
2168,C
2170,D
2171,C
2174,B
2175,A
2176,B
2178,A
2180,A
2181,A
2182,B
2184,B
2186,A
2187,A
2190,C
2191,D
2192,C
2194,D
2198,C
2201,C
2205,D
2207,A
2208,A
2210,C
2211,A
2212,A
2214,A
2219,D
2220,B
2222,A
2225,A
2226,A
2227,A
2233,C
2234,C
2239,A
2244,A
2247,B
2249,D
2250,D
2256,B
2257,D
2258,A
2260,B
2261,B
2262,B
2263,D
2265,A
2266,C
2268,B
2271,D
2273,D
2274,A
2276,A
2277,A
2278,B
2279,A
2281,B
2284,A
2286,C
2288,A
2289,A
2290,A
2291,B
2292,D
2298,B
2299,D
2300,D
2302,A
2304,D
2308,A
2312,A
2317,A
2320,A
2321,B
2324,D
2325,A
2327,A
2328,C
2332,C
2333,A
2335,B
2336,B
2338,D
2340,A
2341,A
2342,C
2343,A
2347,C
2352,A
2353,D
2354,A
2359,D
2360,C
2362,A
2364,A
2365,A
2366,A
2367,B
2368,D
2372,C
2374,C
2377,A
2378,C
2384,A
2388,B
2390,B
2395,C
2397,D
2401,B
2403,A
2404,B
2406,D
2408,A
2412,A
2413,A
2414,B
2416,B
2417,A
2421,A
2422,B
2424,B
2426,C
2427,B
2428,D
2429,A
2432,C
2436,A
2437,B
2438,D
2439,A
2440,A
2441,C
2443,D
2453,A
2456,C
2458,A
2459,A
2461,B
2462,B
2468,B
2469,A
2473,A
2475,D
2477,D
2478,C
2481,B
2483,A
2485,C
2487,A
2489,D
2492,B
2497,B
2500,B
2501,B
2502,D
2503,A
2504,D
2505,A
2509,A
2513,D
2518,D
2519,C
2526,A
2529,A
2537,C
2538,D
2539,D
2541,D
2542,C
2543,D
2544,A
2545,A
2546,B
2547,D
2549,D
2550,A
2552,D
2557,A
2558,A
2561,C
2562,A
2563,A
2564,A
2568,C
2570,A
2574,A
2583,B
2585,A
2588,B
2590,A
2591,A
2592,B
2593,D
2594,D
2595,D
2596,C
2597,D
2599,C
2600,A
2601,B
2603,D
2607,D
2608,C
2609,B
2610,A
2612,A
2613,A
2615,A
2616,B
2617,C
2620,A
2621,B
2623,A
2628,B
2630,A
2631,B
2632,C
2633,B
2634,C
2635,A
2638,B
2641,A
2642,C
2643,A
2645,A
2647,C
2648,B
2649,A
2651,A
2654,B
2658,B
2660,A
2661,D
2662,B
2666,D
2668,D
2669,A
2670,A
2671,C
2673,C
2675,B
2679,C
2681,D
2683,A
2688,C
2689,D
2691,A
2692,B
2695,B
2699,D
2706,A
2708,B
2710,A
2711,B
2715,D
2717,B
2719,D
2720,A
2722,D
2723,A
2726,B
2727,A
2729,D
2730,D
2733,A
2734,A
2735,A
2736,C
2737,C
2740,D
2742,A
2745,A
2747,A
2754,C
2755,A
2757,C
2758,A
2760,C
2763,B
2771,D
2772,D
2776,C
2779,A
2781,D
2782,A
2783,B
2784,B
2788,A
2789,A
2794,A
2795,A
2796,B
2798,A
2802,C
2803,B
2807,C
2808,D
2814,D
2815,A
2818,D
2819,B
2820,A
2825,A
2826,B
2827,D
2828,D
2830,A
2831,D
2833,A
2836,A
2837,D
2838,A
2839,A
2842,B
2848,A
2849,C
2852,D
2853,A
2854,D
2855,A
2856,A
2861,B
2863,D
2864,A
2865,B
2866,A
2870,A
2874,A
2876,B
2879,B
2880,A
2881,A
2883,B
2884,D
2887,D
2891,D
2892,A
2893,C
2894,A
2895,C
2897,D
2898,A
2899,B
2901,D
2902,D
2904,A
2907,A
2910,D
2913,D
2915,A
2916,A
2922,A
2923,D
2925,A
2927,A
2928,A
2930,A
2934,B
2941,A
2942,A
2946,B
2947,A
2951,D
2952,B
2954,D
2955,B
2956,B
2959,D
2960,D
2961,A
2962,D
2963,A
2964,D
2967,A
2968,D
2970,A
2971,A
2972,A
2976,D
2980,A
2981,C
2987,C
2988,A
2991,A
2997,B
3000,C
3002,B
3004,B
3005,D
3008,C
3009,A
3011,A
3012,C
3013,B
3014,C
3019,D
3020,D
3022,C
3023,D
3024,A
3025,D
3027,A
3028,A
3030,A
3032,D
3034,B
3036,C
3037,D
3039,A
3040,B
3041,A
3043,A
3046,D
3047,D
3048,D
3051,A
3056,A
3058,C
3059,A
3060,A
3061,A
3063,B
3065,A
3066,B
3067,A
3068,C
3070,B
3075,D
3079,B
3081,B
3082,A
3084,A
3086,D
3087,B
3093,B
3095,D
3097,A
3098,A
3099,C
3101,A
3104,B
3109,A
3114,B
3118,D
3119,B
3120,B
3127,C
3128,B
3129,C
3130,B
3131,A
3133,A
3134,A
3135,A
3137,C
3138,A
3142,C
3146,B
3147,C
3148,A
3154,D
3157,C
3158,A
3160,A
3161,C
3165,C
3166,A
3168,B
3169,A
3171,D
3172,B
3173,B
3175,A
3178,A
3183,A
3188,B
3189,B
3196,A
3200,A
3201,A
3204,B
3205,C
3206,D
3211,A
3212,A
3214,A
3215,A
3217,B
3221,A
3224,A
3225,A
3228,C
3229,A
3232,A
3233,C
3236,D
3237,A
3238,C
3243,B
3251,A
3252,A
3255,D
3256,A
3257,C
3258,C
3260,A
3262,A
3264,C
3267,A
3268,B
3280,A
3282,C
3283,A
3285,A
3290,C
3291,C
3293,C
3297,A
3299,D
3303,A
3305,B
3307,A
3309,A
3310,A
3313,D
3314,A
3317,C
3326,D
3328,C
3330,B
3332,C
3334,A
3335,D
3336,A
3337,B
3338,D
3339,A
3341,A
3343,A
3345,A
3346,D
3347,C
3353,B
3354,C
3356,D
3357,B
3360,A
3363,A
3364,A
3365,A
3366,A
3369,C
3371,B
3373,A
3376,A
3378,D
3380,A
3382,C
3383,D
3390,B
3392,B
3393,C
3396,B
3397,C
3402,A
3403,B
3407,B
3408,B
3410,B
3412,A
3415,B
3420,B
3422,A
3423,A
3424,A
3428,C
3429,A
3432,D
3434,A
3436,C
3442,A
3446,C
3448,A
3449,C
3453,D
3454,C
3455,A
3456,D
3458,A
3460,D
3462,A
3463,D
3464,A
3466,C
3469,D
3473,B
3475,C
3476,A
3478,D
3479,C
3480,D
3482,B
3484,C
3489,B
3491,A
3494,A
3495,A
3500,A
3502,C
3503,A
3505,A
3512,C
3513,D
3515,A
3518,A
3521,C
3525,A
3529,B
3533,B
3535,C
3536,A
3537,A
3538,D
3545,A
3548,C
3553,A
3554,D
3555,C
3556,B
3557,C
3558,A
3560,B
3561,B
3563,C
3564,C
3565,A
3566,C
3568,A
3571,B
3572,D
3574,A
3575,D
3576,A
3579,C
3580,B
3581,B
3582,C
3584,C
3585,B
3593,C
3598,A
3601,B
3602,D
3603,B
3604,D
3606,D
3609,A
3611,A
3612,C
3613,C
3614,B
3615,D
3617,D
3618,D
3621,A
3624,A
3625,A
3626,B
3633,B
3635,B
3636,A
3637,D
3639,C
3640,A
3641,A
3643,A
3644,B
3645,D
3647,B
3648,A
3651,B
3654,C
3658,D
3661,B
3666,D
3667,D
3672,D
3677,A
3682,A
3683,C
3686,B
3688,A
3693,A
3694,B
3697,C
3698,B
3699,D
3700,A
3702,C
3704,A
3707,D
3709,A
3716,A
3717,C
3720,A
3721,D
3726,B
3727,D
3728,D
3730,D
3735,B
3737,B
3738,D
3743,A
3744,C
3747,D
3748,A
3749,A
3751,A
3753,D
3760,A
3761,C
3762,B
3763,B
3764,C
3769,A
3770,A
3771,A
3772,D
3773,C
3776,A
3781,B
3783,C
3787,A
3788,A
3791,D
3793,A
3795,A
3796,C
3798,A
3800,A
3801,D
3802,A
3806,A
3808,B
3810,D
3816,A
3817,B
3818,A
3820,A
3821,D
3823,A
3825,A
3826,C
3829,D
3832,A
3834,D
3835,C
3836,B
3838,B
3839,A
3840,A
3841,A
3843,B
3846,D
3852,B
3854,D
3856,B
3857,A
3858,D
3859,A
3862,B
3864,A
3865,A
3867,B
3868,A
3870,A
3871,D
3872,A
3873,B
3874,A
3881,D
3882,C
3885,B
3889,A
3894,D
3897,B
3898,D
3900,A
3903,A
3905,B
3907,A
3910,C
3913,A
3918,C
3922,B
3923,B
3924,B
3925,A
3927,C
3929,C
3931,B
3933,C
3935,A
3937,D
3938,A
3939,D
3941,D
3944,A
3948,A
3953,B
3956,B
3958,A
3959,D
3963,B
3973,B
3975,C
3978,D
3979,D
3983,A
3986,A
3989,A
3990,C
3992,A
3994,D
3998,D
4003,A
4006,B
4007,D
4008,B
4009,A
4011,A
4012,A
4016,A
4017,B
4019,A
4020,A
4022,D
4024,B
4026,A
4027,D
4029,B
4030,D
4031,A
4033,D
4035,A
4037,A
4038,A
4043,B
4047,B
4049,A
4051,D
4055,A
4057,C
4058,D
4059,D
4063,A
4064,D
4069,C
4073,B
4076,D
4079,A
4081,D
4082,D
4083,B
4085,A
4087,D
4088,D
4092,C
4094,A
4097,C
4099,A
4101,D
4103,C
4106,A
4108,A
4109,D
4110,A
4111,A
4113,A
4114,D
4118,A
4119,A
4121,A
4122,C
4128,A
4130,A
4131,A
4134,D
4136,A
4140,D
4142,A
4143,B
4147,D
4150,B
4151,A
4152,B
4154,C
4155,A
4156,D
4158,B
4160,C
4163,D
4164,A
4165,A
4166,D
4168,C
4169,D
4170,A
4174,A
4175,D
4176,D
4179,D
4181,A
4182,D
4183,A
4187,A
4189,A
4190,B
4192,D
4193,B
4198,A
4201,C
4203,A
4205,B
4207,A
4209,A
4212,C
4216,D
4218,B
4221,D
4224,D
4225,D
4227,A
4228,A
4229,A
4230,A
4232,C
4236,C
4237,B
4240,D
4241,B
4244,A
4246,A
4251,B
4253,C
4256,A
4259,A
4261,A
4263,D
4266,A
4267,A
4268,A
4270,A
4276,A
4278,D
4280,B
4281,C
4285,B
4286,B
4287,C
4288,A
4289,B
4290,A
4292,C
4293,B
4294,C
4295,B
4298,A
4299,B
4300,A
4302,A
4304,D
4305,B
4306,C
4312,D
4313,B
4314,D
4316,A
4321,D
4322,A
4325,B
4326,B
4331,D
4333,A
4334,B
4335,C
4336,A
4337,A
4340,A
4341,A
4342,D
4344,C
4345,C
4346,A
4347,B
4348,B
4349,A
4352,D
4353,B
4356,C
4357,A
4358,A
4359,B
4360,D
4362,B
4363,B
4368,A
4371,A
4373,A
4377,B
4379,C
4381,B
4383,C
4386,B
4387,A
4388,A
4389,B
4390,B
4393,D
4398,D
4399,A
4400,B
4402,C
4407,D
4411,B
4413,C
4414,A
4419,A
4421,C
4424,A
4425,A
4426,A
4428,A
4429,A
4432,A
4433,D
4436,A
4437,A
4438,C
4439,C
4440,A
4441,A
4442,D
4443,B
4444,D
4447,B
4451,A
4455,B
4456,C
4458,A
4460,A
4461,C
4468,A
4471,A
4474,D
4476,A
4477,A
4479,D
4482,B
4485,B
4487,A
4488,A
4492,A
4496,D
4498,A
4503,D
4505,C
4507,B
4509,C
4512,B
4513,A
4514,A
4515,D
4517,A
4520,A
4521,B
4531,A
4535,B
4539,D
4543,D
4544,C
4546,D
4548,C
4556,B
4557,B
4560,B
4563,A
4566,A
4567,B
4568,A
4570,A
4572,D
4573,D
4574,A
4577,A
4578,D
4582,A
4584,A
4586,C
4587,C
4589,A
4590,A
4593,B
4594,A
4596,B
4597,D
4598,D
4599,B
4600,D
4602,A
4604,C
4605,C
4609,A
4610,A
4611,A
4613,A
4614,A
4615,D
4618,C
4619,B
4620,B
4623,A
4624,B
4625,B
4626,A
4627,A
4633,C
4634,D
4635,A
4636,B
4637,B
4638,A
4640,D
4641,C
4643,B
4645,C
4647,A
4650,A
4654,A
4657,B
4658,C
4664,A
4667,A
4669,D
4670,A
4671,A
4672,B
4676,A
4679,D
4680,B
4681,D
4684,B
4686,A
4688,A
4691,A
4693,A
4694,C
4695,C
4696,B
4701,D
4704,A
4706,C
4707,B
4708,A
4710,B
4711,A
4714,A
4715,B
4716,B
4718,A
4719,A
4720,A
4721,B
4722,B
4723,A
4725,A
4728,C
4730,C
4733,D
4735,B
4736,B
4738,B
4742,A
4744,A
4748,D
4751,A
4753,A
4757,A
4759,A
4762,A
4764,C
4767,C
4768,B
4769,B
4778,C
4782,B
4783,B
4784,D
4787,B
4789,A
4790,B
4792,A
4793,A
4796,A
4799,A
4801,A
4802,A
4804,A
4805,A
4806,D
4807,A
4810,A
4814,D
4817,D
4820,A
4826,A
4827,D
4828,C
4829,A
4833,C
4834,A
4838,A
4842,B
4843,D
4844,A
4847,D
4848,A
4850,C
4852,A
4853,C
4856,D
4857,B
4858,A
4859,A
4861,A
4864,D
4867,C
4869,B
4872,A
4874,D
4878,C
4879,A
4885,D
4888,B
4893,A
4898,C
4900,B
4901,B
4904,A
4906,C
4907,B
4912,A
4914,A
4915,D
4918,A
4919,A
4920,A
4923,D
4924,B
4925,C
4927,B
4928,D
4929,B
4931,A
4933,B
4935,A
4936,A
4937,A
4939,B
4941,C
4942,B
4947,C
4948,A
4952,B
4953,C
4958,A
4963,A
4966,C
4969,D
4970,A
4973,A
4979,C
4980,A
4981,D
4982,D
4983,B
4985,A
4995,A
4997,A
4998,B
4999,C
5000,B
5003,A
5004,A
5005,B
5009,A
5015,C
5016,A
5017,C
5019,D
5020,D
5021,A
5022,D
5023,A
5025,B
5027,A
5029,A
5031,C
5032,D
5033,A
5034,C
5035,C
5038,B
5041,A
5042,A
5044,D
5045,A
5047,C
5049,B
5051,A
5052,A
5053,B
5055,A
5056,D
5058,A
5059,C
5060,C
5061,A
5062,C
5066,A
5071,A
5072,A
5074,B
5076,A
5078,D
5079,D
5081,A
5083,D
5084,A
5090,C
5091,A
5092,C
5093,B
5094,A
5095,C
5097,D
5098,D
5099,D
5106,B
5108,A
5109,A
5111,A
5113,C
5114,A
5115,A
5116,A
5117,C
5118,A
5121,B
5123,C
5128,A
5129,B
5138,B
5139,A
5142,A
5143,A
5149,D
5150,A
5152,B
5155,D
5156,A
5158,A
5161,D
5162,B
5164,D
5166,C
5169,A
5171,B
5174,D
5175,A
5176,A
5185,C
5186,A
5187,B
5188,A
5192,A
5193,C
5195,D
5197,A
5199,B
5203,A
5204,A
5205,A
5206,D
5207,A
5210,B
5213,D
5216,B
5217,A
5218,A
5219,D
5220,C
5224,D
5232,A
5233,A
5235,D
5236,A
5237,B
5238,D
5239,C
5241,A
5245,B
5246,B
5253,A
5254,A
5256,D
5257,C
5258,A
5260,C
5261,D
5262,A
5265,A
5266,A
5268,A
5269,D
5274,C
5276,B
5278,A
5279,D
5280,D
5284,B
5285,D
5286,B
5290,B
5294,A
5295,C
5296,D
5299,A
5304,B
5306,B
5310,A
5311,D
5313,B
5315,D
5316,C
5317,D
5319,C
5325,A
5326,A
5329,C
5333,D
5335,B
5340,C
5342,B
5344,D
5346,C
5347,D
5348,A
5352,D
5357,D
5360,A
5363,D
5364,C
5368,B
5369,A
5371,A
5372,C
5373,D
5376,D
5377,A
5380,C
5388,B
5389,D
5392,A
5394,D
5398,A
5401,B
5403,B
5406,C
5409,A
5410,B
5419,D
5420,A
5421,A
5422,D
5423,C
5425,A
5427,A
5430,A
5432,B
5436,D
5439,D
5441,D
5442,A
5451,D
5453,D
5454,C
5455,A
5459,A
5466,A
5470,A
5471,B
5473,B
5478,B
5484,D
5490,C
5491,A
5492,C
5496,A
5499,B
5500,A
5502,C
5504,B
5505,A
5506,D
5513,C
5514,C
5515,D
5516,D
5517,A
5519,B
5521,C
5522,A
5523,D
5524,A
5525,B
5531,A
5533,A
5535,B
5536,C
5538,A
5540,A
5543,A
5545,B
5546,D
5548,D
5549,A
5550,B
5553,A
5556,B
5562,A
5564,D
5566,D
5570,D
5573,D
5574,C
5575,A
5576,D
5577,A
5578,A
5579,C
5580,D
5581,D
5582,C
5583,B
5586,A
5588,C
5589,B
5593,C
5594,B
5595,B
5597,D
5598,D
5599,C
5600,A
5601,A
5602,A
5604,D
5607,A
5610,D
5611,C
5612,B
5613,A
5617,D
5618,B
5619,A
5622,C
5623,A
5624,C
5625,D
5626,C
5627,C
5628,A
5630,B
5633,A
5634,B
5635,D
5638,A
5639,A
5642,A
5645,A
5650,A
5651,A
5652,B
5653,A
5654,B
5655,A
5657,B
5662,B
5664,A
5665,B
5667,D
5669,C
5670,B
5672,D
5673,C
5674,A
5675,A
5676,D
5678,C
5680,A
5681,A
5684,A
5686,A
5687,B
5690,D
5691,B
5693,A
5694,A
5695,C
5697,A
5698,C
5700,A
5702,A
5703,C
5704,A
5706,C
5709,C
5711,A
5712,B
5714,C
5720,C
5723,A
5724,B
5725,B
5729,B
5730,A
5732,C
5736,A
5738,B
5742,A
5743,A
5744,D
5745,A
5746,A
5747,B
5750,C
5751,A
5752,A
5755,B
5758,C
5760,C
5762,D
5766,A
5768,A
5769,B
5770,A
5771,C
5777,A
5780,B
5783,A
5789,B
5790,D
5793,A
5794,B
5795,C
5796,A
5797,C
5798,C
5802,C
5803,A
5806,A
5807,B
5808,B
5809,B
5811,C
5813,A
5815,B
5817,A
5818,B
5821,D
5822,D
5823,B
5825,A
5826,C
5827,D
5829,B
5831,A
5832,B
5834,D
5837,D
5839,D
5842,A
5843,C
5845,A
5848,D
5849,B
5850,B
5853,B
5856,D
5868,B
5874,B
5875,C
5876,B
5878,A
5882,C
5883,D
5885,B
5887,B
5888,A
5892,A
5898,C
5901,A
5902,A
5911,D
5912,A
5913,A
5914,C
5916,A
5918,A
5922,D
5923,C
5926,A
5928,B
5932,C
5933,C
5938,A
5940,B
5943,C
5946,B
5950,A
5952,C
5953,C
5955,C
5956,A
5957,C
5958,A
5962,B
5963,A
5964,A
5965,C
5968,B
5969,B
5970,A
5971,A
5974,C
5977,A
5979,A
5980,C
5986,D
5989,A
5991,D
5992,B
5999,A
6000,B
6001,A
6002,B
6003,A
6004,A
6008,C
6009,A
6010,C
6011,C
6012,A
6016,A
6019,D
6021,A
6024,B
6028,D
6033,C
6034,C
6038,D
6044,D
6046,C
6048,A
6050,B
6052,D
6053,A
6054,C
6055,B
6056,A
6060,A
6061,A
6063,D
6064,A
6065,A
6066,B
6069,C
6070,A
6071,C
6075,A
6076,B
6078,B
6081,B
6086,A
6087,A
6090,B
6091,A
6092,A
6094,A
6096,D
6104,A
6105,C
6106,B
6107,A
6108,A
6110,D
6116,A
6118,D
6120,B
6122,A
6123,D
6125,A
6126,B
6128,A
6129,B
6132,A
6136,B
6140,D
6143,D
6145,C
6146,A
6147,D
6154,B
6157,D
6159,B
6160,A
6161,B
6162,C
6165,A
6167,B
6171,A
6173,A
6176,A
6177,A
6178,A
6179,B
6183,B
6186,A
6188,A
6189,B
6193,D
6194,A
6200,A
6202,A
6203,A
6204,C
6206,C
6208,B
6211,C
6212,D
6214,C
6215,B
6216,A
6217,B
6219,A
6224,B
6225,A
6226,A
6227,A
6229,B
6230,A
6232,B
6233,A
6235,A
6242,A
6244,A
6245,A
6246,A
6248,C
6251,B
6253,A
6257,B
6258,D
6261,C
6262,B
6264,A
6265,B
6266,B
6267,A
6268,B
6272,C
6274,A
6275,C
6277,D
6281,A
6283,A
6285,A
6291,C
6294,B
6296,B
6299,A
6301,C
6302,B
6303,C
6305,D
6308,A
6309,A
6310,B
6312,B
6313,B
6318,A
6319,A
6320,A
6321,B
6322,A
6324,D
6326,D
6328,D
6330,A
6331,A
6335,A
6342,C
6344,D
6348,B
6349,A
6350,B
6351,A
6355,C
6358,A
6359,D
6360,A
6362,A
6363,B
6364,A
6365,B
6369,A
6370,A
6377,A
6379,B
6380,A
6382,D
6385,D
6386,D
6387,A
6388,A
6389,B
6390,A
6391,D
6393,B
6394,C
6396,A
6398,C
6399,A
6401,A
6403,B
6406,B
6408,C
6409,C
6410,A
6411,A
6413,C
6414,A
6417,B
6421,B
6423,A
6425,B
6426,A
6430,B
6432,A
6436,A
6438,B
6443,B
6444,A
6445,C
6448,A
6451,B
6452,A
6453,A
6456,B
6458,A
6459,B
6460,A
6461,A
6463,A
6464,C
6465,A
6467,C
6469,C
6473,A
6474,A
6476,A
6477,A
6482,B
6483,A
6484,A
6485,C
6494,A
6495,D
6497,A
6501,C
6502,A
6507,B
6508,A
6509,D
6512,C
6516,A
6519,D
6522,C
6523,A
6524,B
6525,A
6526,A
6542,A
6543,A
6544,C
6545,C
6546,C
6549,B
6552,B
6553,B
6555,A
6556,C
6558,A
6561,C
6564,A
6569,A
6570,D
6574,B
6577,B
6582,A
6584,B
6589,C
6590,C
6592,D
6594,D
6596,A
6599,B
6600,A
6602,B
6607,A
6610,B
6611,A
6614,A
6617,A
6619,A
6622,A
6624,A
6625,C
6626,A
6628,A
6631,B
6632,B
6633,D
6634,A
6637,B
6638,A
6639,C
6644,B
6645,A
6646,C
6647,B
6648,A
6654,B
6656,B
6658,B
6659,A
6664,B
6667,A
6672,A
6673,C
6674,A
6675,D
6677,D
6678,A
6679,A
6680,A
6682,A
6684,D
6685,A
6686,A
6687,C
6689,C
6690,A
6691,D
6692,D
6695,B
6697,D
6698,A
6705,A
6706,A
6710,A
6711,A
6712,D
6714,B
6716,D
6719,A
6720,C
6721,C
6724,D
6725,A
6727,A
6730,B
6733,B
6735,A
6739,C
6741,A
6743,A
6745,A
6746,C
6747,A
6748,B
6750,D
6754,B
6758,D
6759,D
6762,C
6763,B
6765,A
6767,B
6769,A
6775,D
6776,C
6777,B
6779,A
6780,A
6781,B
6782,A
6784,B
6786,A
6788,D
6792,C
6795,A
6796,A
6799,B
6800,B
6801,A
6803,A
6804,C
6805,A
6811,D
6813,A
6814,A
6815,B
6816,A
6817,C
6818,C
6823,A
6825,D
6833,A
6834,A
6835,A
6836,C
6841,A
6843,C
6847,A
6850,A
6851,C
6852,A
6853,A
6854,A
6857,A
6858,A
6861,B
6862,A
6863,D
6865,C
6869,A
6870,A
6871,D
6874,A
6876,A
6878,B
6880,A
6882,A
6883,D
6884,D
6885,B
6886,A
6887,A
6888,A
6890,D
6891,D
6892,D
6894,B
6899,B
6901,C
6902,A
6903,A
6904,A
6906,A
6910,B
6912,A
6915,A
6916,A
6918,A
6919,A
6923,A
6924,A
6929,A
6931,B
6934,D
6935,B
6936,A
6938,C
6941,C
6942,B
6943,A
6945,A
6947,B
6949,B
6953,A
6957,C
6958,B
6959,A
6963,D
6966,D
6967,A
6968,A
6973,A
6974,A
6975,B
6976,D
6977,A
6978,D
6980,B
6981,C
6982,B
6983,A
6984,A
6986,B
6996,B
6999,A
7000,A
7001,D
7004,D
7005,C
7008,A
7009,A
7011,D
7014,B
7015,B
7016,D
7018,A
7022,C
7024,B
7026,B
7028,D
7030,B
7031,D
7033,C
7036,D
7038,D
7039,A
7040,D
7042,B
7044,A
7045,A
7049,D
7050,B
7051,A
7053,A
7054,A
7055,A
7056,A
7057,A
7063,B
7067,C
7068,C
7070,C
7074,B
7075,B
7076,A
7080,B
7081,A
7082,A
7083,D
7084,A
7087,B
7088,B
7096,C
7097,A
7098,A
7102,B
7103,D
7107,C
7109,A
7110,A
7111,A
7112,A
7113,D
7114,A
7116,A
7117,A
7118,D
7120,A
7121,A
7123,B
7126,C
7127,A
7129,D
7130,A
7131,D
7133,A
7135,B
7136,A
7138,D
7139,A
7141,C
7142,A
7143,A
7148,B
7149,A
7151,A
7153,A
7155,B
7156,B
7157,A
7158,A
7159,B
7160,A
7161,A
7162,C
7163,A
7166,B
7167,A
7169,C
7170,A
7171,C
7172,D
7173,A
7176,A
7179,A
7180,A
7181,A
7182,D
7183,D
7184,A
7186,A
7188,C
7192,A
7193,B
7196,D
7198,C
7199,B
7200,A
7201,A
7204,D
7205,D
7206,B
7207,A
7208,B
7209,C
7211,C
7212,B
7213,A
7214,C
7215,D
7218,C
7219,A
7222,A
7223,A
7224,A
7225,D
7226,D
7232,A
7233,A
7235,A
7236,A
7237,A
7239,B
7240,C
7241,A
7246,A
7248,D
7252,C
7254,B
7256,A
7257,C
7259,C
7264,A
7265,D
7268,A
7270,B
7271,C
7273,A
7278,D
7279,C
7282,B
7283,B
7285,A
7287,C
7288,A
7289,B
7290,D
7291,C
7292,A
7294,A
7295,A
7296,A
7297,D
7298,D
7299,A
7301,A
7303,D
7304,A
7305,A
7306,A
7308,A
7309,A
7311,C
7312,B
7316,D
7317,B
7319,A
7321,B
7324,A
7330,C
7334,B
7337,B
7340,B
7342,A
7347,C
7351,A
7352,A
7353,A
7354,A
7357,C
7362,A
7363,A
7366,B
7367,A
7370,A
7371,A
7376,B
7379,A
7381,D
7384,A
7385,B
7387,C
7393,B
7398,A
7401,A
7402,A
7403,A
7404,D
7406,A
7407,B
7410,C
7412,D
7416,C
7418,C
7420,C
7425,A
7426,B
7428,D
7429,B
7434,B
7436,C
7443,B
7445,A
7446,C
7447,A
7451,B
7452,A
7453,B
7456,B
7460,B
7461,C
7462,B
7463,B
7466,A
7467,D
7468,C
7470,A
7472,B
7475,D
7476,B
7477,D
7478,A
7479,D
7480,A
7482,B
7484,D
7485,C
7486,A
7488,C
7489,A
7491,C
7492,B
7497,A
7501,B
7503,B
7505,D
7506,B
7512,D
7515,C
7518,A
7519,B
7520,C
7522,A
7525,C
7527,B
7532,D
7533,D
7535,B
7536,D
7539,B
7541,B
7542,B
7543,B
7544,A
7545,A
7548,A
7550,C
7552,A
7553,A
7557,D
7558,A
7559,A
7560,B
7563,B
7566,A
7573,A
7574,A
7577,B
7578,D
7580,D
7582,C
7583,B
7584,D
7586,A
7587,A
7588,B
7592,A
7596,B
7597,B
7601,B
7602,A
7610,B
7611,A
7615,D
7617,A
7619,B
7620,A
7624,C
7626,D
7628,B
7629,A
7630,B
7633,C
7634,A
7636,B
7638,A
7639,B
7641,D
7642,D
7644,A
7647,B
7649,B
7651,A
7655,A
7656,A
7663,A
7664,C
7670,D
7677,A
7678,A
7680,A
7683,B
7686,A
7687,D
7688,B
7690,A
7691,A
7693,C
7699,A
7703,B
7704,C
7705,A
7706,A
7708,B
7709,A
7711,B
7713,A
7715,B
7716,A
7717,C
7718,B
7720,B
7721,C
7722,C
7725,D
7726,A
7727,D
7728,B
7730,C
7732,D
7734,C
7736,A
7737,C
7740,A
7742,C
7746,B
7750,C
7751,B
7753,A
7756,C
7757,B
7758,B
7759,A
7763,A
7765,B
7766,C
7768,A
7769,D
7777,D
7780,B
7784,B
7788,A
7789,A
7791,A
7793,A
7794,D
7796,C
7798,A
7804,C
7806,A
7808,C
7811,C
7818,A
7819,A
7820,D
7823,A
7825,D
7828,A
7830,B
7833,D
7836,A
7842,C
7844,B
7847,D
7848,A
7850,C
7851,A
7854,D
7855,C
7857,A
7858,B
7859,B
7862,A
7863,A
7866,A
7869,B
7873,A
7876,B
7879,A
7882,B
7884,A
7886,C
7888,A
7890,B
7891,D
7892,C
7894,A
7895,D
7896,A
7897,A
7898,C
7902,A
7903,A
7906,D
7907,A
7909,A
7913,B
7914,A
7918,A
7921,C
7923,A
7924,A
7926,A
7927,A
7928,A
7929,A
7930,A
7934,A
7939,C
7941,A
7943,A
7944,B
7946,D
7947,C
7952,D
7953,B
7954,A
7955,D
7957,A
7958,A
7961,B
7962,A
7964,C
7971,C
7973,C
7974,B
7976,C
7978,A
7982,B
7983,B
7984,B
7985,B
7986,D
7989,A
7991,A
7993,C
7996,A
7997,B
8001,B
8003,B
8004,A
8005,D
8006,B
8007,C
8009,A
8011,D
8012,B
8013,A
8014,B
8016,A
8017,A
8022,D
8023,C
8024,A
8025,B
8028,A
8031,A
8032,D
8034,A
8037,D
8039,B
8041,B
8044,B
8045,A
8049,A
8051,B
8052,A
8054,C
8055,B
8057,B
8058,C
8060,D
8062,B
8065,A
8067,B
8069,C
8070,B
8073,A
8074,A
8076,A
8079,A
8090,A
8094,A
8095,D
8097,A
8099,B
8103,B
8104,A
8108,A
8111,A
8112,B
8117,A
8119,A
8123,C
8125,C
8126,C
8128,A
8132,A
8137,D
8142,B
8144,A
8145,C
8147,B
8148,C
8154,C
8155,A
8160,A
8165,A
8167,A
8171,B
8172,C
8175,D
8176,D
8177,D
8180,D
8183,A
8185,A
8186,B
8188,B
8193,C
8195,C
8196,D
8200,A
8201,B
8202,A
8203,C
8204,A
8207,C
8208,D
8209,A
8213,A
8214,A
8215,B
8217,A
8223,D
8225,B
8228,A
8231,B
8233,B
8234,B
8236,A
8238,A
8241,B
8242,A
8243,B
8244,A
8246,D
8247,A
8257,B
8258,C
8259,A
8260,B
8262,A
8264,B
8266,C
8270,D
8271,D
8273,C
8275,A
8276,B
8277,B
8280,A
8283,B
8284,A
8285,A
8290,A
8291,C
8292,A
8294,A
8295,B
8296,A
8298,B
8301,A
8302,A
8303,D
8307,C
8309,D
8313,C
8315,B
8316,C
8318,C
8320,C
8322,C
8325,A
8326,A
8328,B
8331,B
8332,C
8333,D
8335,A
8343,A
8347,D
8349,D
8350,A
8355,A
8358,C
8362,D
8367,C
8368,B
8373,C
8374,A
8379,C
8380,B
8382,C
8383,A
8386,A
8388,D
8389,A
8390,A
8394,A
8400,B
8402,B
8403,A
8404,B
8409,C
8415,B
8416,A
8419,A
8422,A
8423,B
8424,B
8430,B
8434,B
8435,C
8436,C
8438,C
8439,A
8440,A
8443,A
8444,B
8446,A
8449,C
8452,B
8454,A
8459,A
8463,A
8465,C
8474,C
8475,A
8477,B
8479,C
8482,B
8488,A
8490,B
8492,A
8495,C
8498,A
8500,C
8502,B
8503,D
8507,A
8510,A
8511,A
8513,D
8514,A
8519,A
8521,A
8524,B
8526,A
8533,D
8535,A
8537,A
8538,A
8539,A
8540,C
8542,B
8547,A
8548,B
8549,D
8553,C
8554,A
8555,D
8557,A
8562,A
8563,B
8564,B
8567,D
8568,D
8570,D
8574,B
8575,D
8576,B
8580,D
8585,C
8586,B
8587,A
8588,B
8590,A
8592,B
8594,C
8596,A
8597,D
8598,A
8600,D
8602,D
8603,B
8604,B
8605,D
8608,C
8609,A
8613,A
8614,A
8618,D
8619,B
8620,B
8623,A
8624,C
8633,A
8634,B
8635,A
8637,B
8644,A
8646,B
8649,C
8650,A
8651,C
8653,D
8657,C
8658,D
8660,A
8661,C
8662,A
8667,C
8671,A
8674,D
8680,B
8681,B
8682,A
8687,C
8688,A
8689,A
8691,B
8695,D
8696,A
8697,C
8698,B
8699,B
8704,C
8705,A
8710,D
8712,B
8713,B
8719,A
8726,A
8727,A
8728,B
8732,A
8743,B
8751,A
8752,D
8755,D
8756,A
8758,B
8763,A
8766,A
8769,A
8772,A
8773,C
8774,C
8778,A
8780,A
8781,A
8782,C
8784,D
8786,A
8790,D
8794,A
8795,B
8796,D
8798,A
8799,D
8800,B
8805,A
8806,B
8807,A
8811,A
8814,C
8822,C
8825,A
8826,C
8828,A
8830,D
8831,D
8833,A
8835,C
8838,A
8839,A
8840,B
8843,B
8845,D
8846,C
8847,A
8849,B
8850,C
8851,C
8853,C
8855,A
8857,D
8860,B
8861,A
8866,D
8867,D
8873,D
8880,A
8881,A
8882,A
8884,A
8885,D
8891,A
8892,C
8894,C
8895,A
8900,A
8901,D
8904,A
8905,C
8906,C
8907,A
8908,A
8909,A
8915,A
8920,A
8921,A
8925,C
8926,B
8930,A
8931,B
8932,A
8934,A
8938,A
8939,A
8940,D
8946,A
8947,A
8948,C
8949,A
8950,C
8951,D
8952,C
8954,B
8955,A
8956,A
8957,A
8959,A
8960,C
8963,A
8969,B
8970,C
8975,B
8979,A
8981,A
8985,D
8990,A
8991,D
8996,B
8997,C
8999,D
9000,C
9002,A
9005,B
9013,A
9015,A
9021,D
9023,A
9024,D
9027,B
9029,A
9033,C
9036,B
9038,C
9039,A
9045,A
9046,C
9047,C
9048,C
9053,A
9056,D
9057,B
9060,B
9062,D
9065,B
9066,C
9067,A
9074,C
9075,A
9076,A
9077,A
9080,A
9083,B
9086,D
9092,D
9094,A
9096,A
9098,B
9101,D
9102,B
9111,A
9117,A
9123,B
9124,C
9126,A
9127,B
9128,B
9131,B
9132,C
9134,D
9136,A
9139,A
9147,A
9150,B
9152,D
9153,B
9160,D
9161,D
9165,A
9166,C
9171,C
9172,C
9173,C
9174,B
9175,C
9184,A
9190,A
9191,B
9192,D
9193,C
9194,B
9195,B
9196,D
9197,A
9198,A
9201,D
9205,A
9206,A
9207,A
9208,B
9209,A
9215,A
9216,D
9217,A
9218,B
9219,A
9223,A
9225,C
9233,A
9234,A
9236,B
9238,A
9240,B
9243,C
9244,D
9247,D
9249,D
9251,B
9256,D
9258,C
9262,B
9264,A
9265,D
9266,C
9270,D
9271,D
9272,C
9277,B
9281,D
9282,A
9288,C
9289,A
9291,A
9294,A
9295,D
9303,A
9305,A
9306,A
9308,A
9309,B
9313,A
9316,A
9320,A
9321,D
9323,A
9325,D
9327,A
9328,D
9332,B
9334,B
9336,C
9337,A
9338,D
9339,D
9340,A
9343,C
9345,B
9348,A
9349,A
9350,A
9355,B
9362,A
9376,A
9377,D
9378,A
9379,A
9384,C
9385,B
9386,A
9389,B
9393,A
9394,A
9397,A
9401,D
9404,B
9405,D
9407,B
9410,A
9411,A
9412,C
9413,D
9414,B
9416,C
9417,A
9420,B
9422,D
9425,A
9426,A
9427,D
9429,A
9430,C
9432,A
9433,D
9435,D
9436,C
9437,A
9438,D
9439,A
9441,B
9448,D
9453,A
9455,A
9456,A
9457,C
9458,C
9461,A
9462,A
9465,A
9466,D
9468,D
9471,B
9473,C
9476,A
9477,A
9481,A
9482,B
9488,C
9489,B
9491,A
9494,A
9495,A
9498,A
9501,B
9503,C
9507,B
9508,B
9509,B
9510,A
9511,A
9512,B
9513,C
9516,A
9520,A
9521,C
9522,B
9524,B
9525,B
9526,D
9529,B
9531,A
9533,C
9534,A
9536,A
9537,B
9544,D
9545,B
9546,C
9547,A
9549,A
9551,B
9552,A
9553,A
9554,C
9555,B
9556,A
9557,A
9563,A
9565,A
9567,A
9568,A
9569,A
9571,C
9572,B
9574,D
9575,B
9576,C
9577,B
9578,B
9579,A
9583,A
9584,D
9585,B
9588,B
9589,B
9593,B
9595,D
9596,D
9597,A
9599,A
9601,A
9602,D
9603,A
9605,B
9607,C
9608,A
9610,A
9612,C
9615,B
9616,D
9619,A
9624,D
9625,A
9628,D
9631,B
9634,C
9635,C
9640,C
9642,B
9643,A
9646,C
9647,C
9648,D
9649,C
9650,A
9653,D
9654,C
9656,B
9659,C
9666,B
9667,D
9672,A
9673,D
9674,D
9677,C
9678,A
9679,C
9680,D
9682,A
9683,C
9685,A
9687,A
9688,A
9693,D
9694,B
9697,A
9699,A
9702,C
9704,B
9706,C
9713,D
9714,C
9715,D
9716,D
9720,A
9721,A
9722,A
9723,B
9729,A
9730,A
9731,A
9736,C
9741,A
9743,D
9747,A
9748,D
9750,B
9751,C
9753,B
9754,A
9756,A
9757,B
9763,D
9766,D
9767,C
9769,C
9771,A
9773,C
9775,D
9777,D
9781,C
9782,D
9783,C
9784,A
9785,C
9788,A
9789,D
9790,D
9795,A
9796,B
9799,C
9800,A
9804,B
9805,B
9810,C
9812,B
9815,A
9817,A
9820,A
9822,A
9824,B
9825,D
9826,A
9827,B
9828,A
9836,C
9844,C
9845,A
9846,A
9847,B
9848,A
9849,B
9858,C
9860,D
9861,A
9864,D
9869,A
9875,A
9878,B
9879,A
9885,C
9886,A
9887,C
9888,A
9889,A
9891,D
9900,B
9902,A
9904,C
9905,C
9909,B
9910,B
9913,B
9914,C
9916,B
9918,B
9921,A
9922,B
9924,C
9925,A
9928,C
9930,A
9931,B
9935,C
9940,A
9944,B
9949,C
9950,A
9955,C
9957,A
9958,B
9959,B
9961,C
9962,B
9964,C
9968,A
9972,A
9975,B
9976,C
9979,D
9980,C
9987,D
9988,A
9989,D
9990,D
9992,A
9993,C
9996,C
10000,A
10001,A
10004,A
10008,B
10010,C
10013,D
10014,A
10019,B
10020,D
10022,D
10023,C
10025,A
10026,A
10029,C
10030,B
10031,A
10032,C
10033,C
10035,C
10038,C
10039,C
10043,C
10046,A
10047,A
10048,B
10050,B
10051,D
10057,A
10061,B
10063,D
10065,A
10070,A
10071,B
10072,B
10073,A
10074,A
10077,C
10079,D
10081,D
10082,D
10085,C
10086,B
10094,D
10095,A
10099,B
10102,C
10104,C
10105,C
10107,A
10108,C
10109,A
10110,A
10112,C
10114,B
10116,D
10120,A
10121,A
10127,B
10128,A
10130,A
10131,C
10132,A
10135,C
10138,A
10142,C
10143,A
10144,B
10147,D
10148,B
10150,A
10154,A
10155,A
10159,B
10160,C
10161,C
10162,A
10163,B
10164,B
10165,A
10168,A
10169,B
10170,A
10172,A
10173,B
10176,B
10183,C
10184,C
10186,B
10192,A
10193,D
10197,A
10199,D
10201,A
10205,B
10206,A
10207,B
10208,A
10217,B
10228,A
10230,D
10232,B
10236,C
10237,A
10239,A
10240,A
10241,D
10244,A
10249,B
10251,A
10254,C
10256,B
10257,B
10259,A
10264,A
10265,A
10267,C
10270,C
10271,B
10276,D
10278,A
10282,D
10283,C
10286,C
10288,B
10291,C
10296,A
10302,A
10303,A
10306,A
10309,D
10311,C
10314,B
10315,D
10317,B
10318,D
10320,A
10323,C
10324,D
10328,B
10330,C
10339,A
10341,A
10342,C
10345,B
10349,A
10351,B
10353,A
10355,D
10361,A
10362,B
10366,C
10367,C
10371,B
10372,A
10373,A
10375,D
10376,A
10378,C
10382,A
10385,A
10386,C
10390,D
10394,A
10395,C
10401,B
10402,D
10404,A
10407,D
10408,A
10412,A
10413,B
10414,C
10417,D
10419,B
10421,A
10424,A
10425,A
10428,C
10429,A
10432,B
10436,C
10437,A
10440,A
10441,C
10443,A
10445,A
10448,C
10449,A
10452,A
10453,A
10454,C
10457,B
10458,A
10459,B
10460,D
10463,A
10464,A
10465,A
10467,C
10468,D
10469,D
10475,A
10477,A
10478,B
10481,C
10484,A
10486,A
10488,A
10493,A
10495,D
10496,C
10499,A
10501,B
10506,A
10508,D
10510,A
10511,A
10512,B
10513,A
10515,A
10516,A
10518,D
10519,D
10520,B
10523,A
10525,B
10528,A
10529,C
10533,A
10534,A
10535,C
10539,B
10541,C
10542,C
10543,A
10547,D
10548,C
10549,A
10556,C
10557,C
10558,B
10559,C
10562,C
10563,A
10564,A
10566,B
10569,A
10573,A
10578,B
10582,A
10583,A
10588,A
10589,B
10590,A
10591,A
10594,A
10595,A
10596,D
10599,A
10602,B
10604,A
10605,A
10606,B
10607,B
10612,C
10613,D
10615,A
10618,A
10620,C
10621,D
10623,D
10626,A
10628,C
10631,C
10632,B
10636,A
10638,A
10644,B
10645,A
10651,A
10653,A
10654,A
10656,B
10658,C
10660,C
10664,C
10667,A
10668,D
10670,C
10672,A
10675,A
10676,D
10677,C
10678,A
10680,D
10681,A
10684,B
10685,B
10686,D
10687,D
10689,A
10690,B
10691,D
10692,A
10694,C
10695,C
10697,A
10700,C
10705,D
10706,A
10707,A
10708,C
10709,A
10713,C
10714,D
10716,B
10719,A
10724,C
10725,A
10726,B
10727,D
10728,A
10733,A
10734,B
10736,D
10738,B
10740,A
10742,C
10744,A
10746,A
10747,B
10748,C
10749,A
10751,C
10758,A
10759,C
10760,A
10762,A
10766,C
10767,A
10769,A
10772,A
10773,B
10774,B
10776,A
10777,D
10778,A
10779,C
10780,D
10781,A
10782,B
10786,D
10788,A
10789,C
10792,D
10793,A
10794,D
10795,C
10798,A
10803,A
10804,B
10805,B
10806,D
10807,D
10810,D
10811,D
10812,A
10815,B
10817,A
10818,A
10824,A
10825,D
10829,A
10832,B
10833,C
10834,B
10836,B
10838,A
10841,A
10843,D
10844,C
10846,A
10848,C
10850,A
10851,A
10854,B
10855,C
10856,B
10860,B
10863,C
10865,A
10867,A
10868,A
10873,A
10874,C
10876,C
10879,B
10881,A
10884,B
10885,C
10888,D
10891,C
10893,D
10894,A
10896,B
10897,B
10898,D
10902,B
10905,C
10906,B
10908,A
10909,A
10910,A
10911,A
10912,B
10913,A
10914,B
10915,C
10916,A
10917,A
10927,C
10930,A
10931,B
10936,A
10937,A
10940,D
10944,A
10947,A
10948,A
10950,B
10954,B
10955,A
10957,B
10961,D
10963,B
10964,C
10967,C
10972,A
10974,A
10975,A
10980,A
10983,D
10987,D
10989,A
10990,D
10992,C
10993,A
10994,B
10995,A
10996,D
10998,A
10999,B
11000,C
11001,B
11002,C
11003,A
11006,A
11008,A
11011,A
11012,B
11014,B
11015,D
11016,D
11018,A
11020,D
11021,B
11025,B
11026,A
11030,C
11031,A
11032,A
11033,B
11034,D
11036,A
11039,A
11043,C
11045,A
11047,B
11048,A
11049,B
11051,A
11053,B
11056,A
11058,C
11059,A
11061,A
11064,D
11066,C
11067,A
11068,A
11069,B
11072,C
11074,B
11075,C
11077,C
11078,B
11081,A
11082,B
11083,D
11090,D
11091,A
11093,C
11094,C
11095,A
11098,A
11101,D
11102,A
11103,A
11106,A
11107,B
11108,D
11109,D
11110,A
11111,D
11114,B
11116,D
11122,B
11123,A
11124,B
11125,C
11126,B
11127,B
11129,B
11134,A
11135,C
11137,C
11139,A
11140,A
11144,A
11145,A
11146,C
11149,B
11152,B
11154,D
11157,C
11159,A
11164,D
11165,B
11171,D
11173,A
11177,A
11180,A
11184,A
11188,C
11191,D
11193,A
11194,A
11195,B
11205,D
11209,D
11217,A
11218,A
11219,C
11222,B
11223,A
11225,C
11226,C
11227,A
11229,C
11231,B
11235,A
11237,D
11240,A
11242,A
11243,A
11244,D
11247,A
11248,A
11250,D
11251,C
11252,C
11253,A
11254,D
11255,A
11256,D
11257,A
11258,A
11259,D
11261,B
11264,C
11266,D
11272,A
11282,D
11283,B
11284,A
11285,C
11288,B
11292,A
11295,B
11297,C
11307,A
11308,D
11312,D
11313,C
11314,A
11315,C
11316,C
11317,A
11318,A
11320,A
11322,C
11324,B
11326,A
11332,A
11334,A
11338,A
11339,C
11340,B
11344,A
11348,A
11351,A
11355,A
11357,D
11358,C
11363,A
11368,D
11370,B
11371,A
11373,B
11375,A
11377,B
11381,B
11384,A
11385,A
11389,B
11391,D
11393,A
11394,C
11395,B
11400,A
11403,B
11405,C
11407,A
11409,B
11412,B
11415,C
11416,A
11418,D
11422,B
11424,B
11425,A
11429,D
11430,D
11431,C
11433,A
11434,A
11438,C
11439,A
11444,A
11445,C
11446,A
11447,B
11448,A
11450,A
11452,C
11454,A
11455,A
11456,A
11457,C
11460,C
11462,B
11463,C
11465,B
11466,D
11468,D
11469,B
11471,B
11472,A
11476,A
11477,B
11478,A
11480,A
11481,C
11482,D
11483,A
11485,D
11486,B
11488,C
11494,D
11499,C
11500,C
11502,A
11504,A
11505,D
11506,C
11507,B
11513,A
11515,A
11517,A
11519,D
11520,A
11527,C
11534,C
11536,C
11539,D
11541,A
11542,D
11544,B
11545,B
11546,B
11548,A
11549,A
11550,C
11553,A
11557,A
11558,C
11559,A
11560,B
11562,B
11563,A
11565,A
11568,A
11571,A
11572,A
11574,A
11576,C
11577,C
11578,C
11579,D
11580,D
11582,C
11583,C
11586,B
11590,B
11591,A
11594,A
11599,A
11603,C
11604,A
11606,A
11607,B
11608,B
11610,D
11611,A
11612,C
11615,A
11618,A
11620,B
11621,D
11624,B
11625,A
11629,C
11631,D
11632,D
11634,C
11636,B
11639,A
11642,D
11643,A
11645,A
11648,A
11655,A
11656,B
11658,A
11659,D
11662,C
11664,A
11665,A
11668,A
11669,A
11670,D
11672,A
11673,A
11676,B
11679,A
11680,B
11681,A
11686,A
11696,A
11697,A
11700,A
11701,B
11707,A
11708,B
11713,D
11716,C
11717,A
11718,B
11721,A
11722,C
11724,A
11726,D
11727,A
11728,A
11730,A
11732,D
11733,B
11734,C
11735,D
11736,A
11738,B
11739,A
11741,A
11744,B
11746,A
11749,B
11752,A
11756,B
11758,B
11759,B
11760,B
11763,C
11764,C
11765,C
11766,A
11768,D
11769,B
11770,B
11776,B
11777,C
11778,D
11781,D
11782,D
11784,C
11787,B
11788,B
11790,A
11791,D
11794,A
11795,A
11796,B
11797,D
11798,A
11799,B
11801,C
11802,B
11804,A
11805,B
11806,B
11808,C
11809,C
11810,A
11811,A
11813,D
11816,B
11819,C
11821,A
11822,B
11824,A
11825,A
11826,A
11827,A
11828,A
11831,B
11833,A
11834,A
11835,D
11836,A
11844,A
11846,A
11849,C
11850,A
11853,C
11855,C
11856,B
11857,A
11860,B
11862,A
11866,B
11870,C
11871,A
11872,A
11873,B
11876,A
11877,B
11883,A
11884,A
11885,C
11886,A
11887,A
11892,D
11895,B
11901,A
11903,C
11904,A
11907,B
11909,A
11910,A
11911,A
11912,C
11913,A
11914,B
11917,A
11919,A
11921,A
11923,C
11929,B
11930,A
11934,A
11935,A
11939,A
11940,B
11941,A
11942,A
11943,B
11949,A
11950,B
11951,B
11952,A
11953,B
11954,D
11957,D
11958,C
11962,B
11964,A
11970,B
11971,A
11974,C
11976,D
11977,D
11980,A
11984,B
11986,C
11987,D
11990,A
11992,A
11993,B
11998,D
11999,B
12000,A
12001,C
12002,B
12012,C
12013,A
12016,A
12017,A
12020,A
12021,C
12022,A
12023,C
12027,A
12030,B
12031,B
12032,A
12033,A
12034,D
12036,C
12038,B
12039,D
12040,D
12045,A
12047,C
12050,A
12051,D
12052,A
12054,C
12065,A
12066,A
12067,A
12068,A
12069,A
12079,C
12080,D
12082,A
12084,A
12086,C
12088,D
12089,C
12093,C
12094,C
12095,A
12096,B
12098,A
12100,D
12105,A
12106,B
12107,A
12110,A
12112,D
12113,A
12115,A
12116,C
12118,D
12120,D
12124,B
12126,A
12127,A
12129,A
12131,B
12135,A
12138,C
12140,A
12141,C
12142,A
12143,B
12151,C
12152,A
12153,A
12158,A
12159,B
12160,A
12163,D
12165,A
12166,A
12167,A
12168,C
12169,A
12171,B
12175,A
12176,D
12180,A
12181,D
12182,A
12184,C
12185,D
12186,A
12187,A
12189,D
12191,D
12192,A
12194,D
12195,A
12199,B
12200,A
12201,A
12203,C
12204,C
12205,C
12206,B
12207,A
12219,D
12221,D
12222,A
12224,C
12226,B
12227,D
12228,A
12229,B
12232,D
12233,D
12239,D
12241,B
12242,A
12243,A
12246,B
12248,B
12254,A
12255,B
12256,D
12257,B
12258,A
12264,A
12265,A
12266,A
12269,C
12270,C
12273,A
12274,A
12279,B
12280,A
12281,B
12283,A
12286,A
12290,A
12291,D
12292,D
12294,D
12297,B
12299,A
12300,B
12302,A
12303,B
12305,B
12310,A
12312,C
12313,A
12317,A
12319,A
12320,D
12321,D
12322,B
12325,B
12326,B
12327,A
12331,D
12333,D
12335,B
12336,C
12345,D
12347,D
12348,A
12349,D
12350,C
12354,B
12355,A
12359,A
12365,B
12366,A
12369,C
12371,A
12373,D
12376,B
12377,D
12378,B
12380,D
12383,A
12385,A
12386,D
12387,D
12388,B
12390,D
12396,B
12398,C
12399,A
12400,A
12404,D
12405,D
12407,A
12408,D
12411,A
12412,B
12413,D
12414,A
12422,D
12423,A
12425,D
12428,D
12429,C
12432,A
12437,D
12439,B
12440,A
12442,B
12444,A
12445,A
12448,D
12453,B
12456,C
12458,B
12459,B
12461,A
12463,A
12465,A
12466,B
12467,B
12470,A
12472,B
12473,D
12474,A
12479,A
12481,A
12484,C
12485,A
12486,D
12488,C
12489,A
12490,C
12493,D
12498,A
12499,B
12503,A
12504,D
12508,B
12510,C
12512,A
12513,B
12516,D
12517,C
12521,D
12525,B
12526,A
12529,A
12530,C
12533,A
12537,C
12538,A
12540,C
12542,D
12544,C
12547,B
12548,B
12551,B
12552,A
12554,A
12556,B
12558,A
12561,D
12569,A
12570,B
12571,A
12572,A
12574,C
12575,A
12577,A
12579,A
12583,B
12585,A
12587,C
12591,C
12594,D
12595,B
12596,A
12603,A
12605,A
12606,A
12608,D
12611,B
12612,C
12616,A
12617,A
12621,A
12622,D
12623,A
12629,D
12630,C
12632,B
12633,A
12636,B
12637,A
12640,B
12644,C
12646,A
12647,D
12650,C
12652,C
12655,A
12656,C
12657,B
12659,C
12660,B
12661,A
12663,B
12664,D
12665,A
12667,A
12669,D
12670,A
12671,D
12673,A
12674,D
12675,A
12677,B
12678,C
12680,A
12681,A
12682,A
12683,B
12685,A
12686,A
12687,B
12690,A
12694,A
12695,D
12696,A
12698,D
12699,A
12701,B
12703,B
12710,C
12711,D
12713,D
12715,B
12717,C
12719,D
12721,B
12723,C
12724,C
12725,B
12726,D
12729,A
12730,B
12731,B
12732,D
12733,A
12737,C
12738,A
12743,A
12745,A
12754,A
12755,A
12757,A
12758,D
12760,D
12761,A
12762,B
12764,B
12766,B
12767,A
12770,A
12772,A
12782,C
12783,A
12784,A
12785,B
12789,A
12790,A
12791,A
12793,A
12794,B
12795,A
12796,C
12797,D
12799,B
12800,C
12804,A
12805,C
12806,A
12809,D
12811,B
12812,B
12814,C
12816,A
12819,A
12824,B
12825,B
12826,A
12828,A
12831,A
12832,D
12836,C
12837,A
12838,C
12840,B
12842,B
12845,C
12848,D
12849,B
12850,C
12853,D
12857,A
12861,B
12862,A
12865,A
12868,B
12874,A
12877,A
12878,B
12880,B
12881,C
12884,A
12886,D
12887,D
12889,B
12890,D
12895,A
12896,B
12902,A
12904,C
12914,C
12917,A
12922,B
12923,C
12924,B
12925,A
12926,A
12928,A
12930,C
12931,A
12933,D
12936,A
12939,C
12940,A
12941,A
12942,A
12943,B
12946,B
12949,A
12951,B
12953,C
12956,B
12957,B
12960,A
12962,C
12963,D
12967,A
12969,C
12970,A
12971,C
12973,B
12980,A
12981,A
12984,B
12987,D
12989,A
12991,A
12992,A
12998,D
12999,A
13002,A
13004,C
13005,B
13006,A
13007,D
13009,B
13022,D
13026,C
13030,C
13032,A
13035,A
13036,A
13037,D
13042,A
13048,B
13050,B
13051,B
13056,A
13058,B
13062,C
13063,A
13065,A
13066,D
13067,A
13068,A
13070,B
13072,B
13077,A
13083,B
13084,C
13085,A
13086,B
13088,B
13090,A
13092,A
13098,B
13099,A
13102,C
13105,D
13107,A
13110,B
13112,A
13116,A
13119,B
13120,A
13123,D
13125,A
13127,A
13128,A
13130,D
13131,C
13132,D
13133,A
13134,B
13136,D
13137,A
13139,A
13142,C
13143,A
13145,A
13149,D
13150,A
13154,D
13156,B
13157,A
13158,A
13159,C
13160,B
13163,B
13164,A
13166,A
13167,B
13168,A
13169,A
13172,B
13173,C
13174,A
13177,C
13178,B
13183,C
13186,A
13190,C
13191,A
13193,A
13195,A
13196,A
13198,A
13199,A
13200,D
13202,B
13205,B
13211,B
13212,B
13213,D
13215,D
13217,A
13218,C
13219,D
13221,D
13222,C
13223,D
13228,A
13229,D
13231,D
13234,C
13236,C
13239,A
13241,D
13243,D
13244,A
13245,C
13246,D
13247,A
13248,D
13250,A
13253,C
13255,D
13257,A
13258,A
13259,A
13260,B
13267,A
13268,A
13269,B
13271,C
13272,C
13275,A
13277,D
13279,D
13281,C
13282,D
13286,C
13291,A
13299,D
13305,C
13307,A
13310,D
13312,D
13315,D
13316,D
13321,A
13325,C
13326,B
13327,C
13329,C
13331,D
13332,C
13336,A
13340,D
13342,C
13343,D
13344,C
13345,A
13346,D
13347,D
13350,A
13351,D
13353,D
13355,A
13357,B
13358,A
13362,C
13366,B
13367,A
13373,B
13374,D
13376,A
13377,A
13380,A
13386,B
13387,C
13388,B
13389,D
13391,D
13392,C
13393,A
13396,C
13397,A
13400,D
13401,D
13404,C
13405,A
13408,B
13409,B
13410,A
13411,A
13412,A
13413,C
13414,A
13416,A
13417,A
13418,A
13420,A
13422,A
13423,A
13424,C
13431,A
13432,A
13434,D
13436,B
13437,B
13438,A
13439,A
13440,A
13441,A
13444,A
13445,B
13450,B
13451,B
13452,D
13454,B
13455,A
13456,B
13461,C
13464,B
13465,C
13467,A
13470,D
13471,D
13474,A
13475,A
13476,D
13477,A
13479,A
13481,D
13483,D
13485,D
13486,D
13488,C
13490,A
13493,A
13499,A
13500,D
13502,B
13503,C
13504,D
13505,D
13507,D
13508,C
13512,A
13514,B
13515,A
13518,B
13519,B
13520,C
13526,A
13527,A
13528,A
13533,A
13534,A
13535,A
13541,A
13545,B
13546,B
13548,A
13549,A
13552,B
13557,A
13558,A
13560,D
13561,B
13565,A
13569,A
13570,B
13575,A
13576,A
13577,B
13578,A
13579,A
13580,A
13582,B
13583,C
13584,B
13588,A
13590,B
13593,C
13594,C
13595,D
13597,C
13600,D
13601,C
13612,A
13613,D
13616,A
13620,A
13621,C
13623,C
13625,D
13627,C
13628,B
13629,A
13630,C
13632,B
13635,C
13636,A
13637,D
13638,A
13640,D
13641,A
13648,A
13650,C
13651,A
13652,A
13655,A
13659,A
13661,A
13667,C
13671,B
13672,B
13675,A
13676,A
13678,C
13680,A
13682,C
13685,A
13686,A
13687,A
13691,C
13694,D
13698,A
13702,A
13704,D
13705,A
13707,B
13712,B
13714,B
13715,C
13716,C
13717,B
13718,A
13719,B
13720,A
13721,A
13723,B
13726,A
13730,A
13733,B
13739,D
13741,B
13746,A
13747,A
13748,B
13750,B
13753,C
13755,B
13756,A
13757,B
13758,B
13759,A
13762,A
13764,D
13765,C
13768,C
13770,A
13771,A
13773,B
13774,A
13779,A
13780,A
13784,B
13785,A
13786,C
13787,B
13788,A
13789,A
13792,B
13797,D
13798,D
13800,A
13801,A
13802,A
13804,A
13810,B
13811,A
13812,A
13818,C
13819,A
13820,A
13821,B
13822,A
13824,D
13826,C
13833,A
13835,A
13837,A
13842,C
13845,A
13846,D
13847,D
13855,B
13856,A
13857,A
13859,A
13861,D
13863,A
13868,D
13871,D
13873,D
13874,A
13879,A
13881,B
13882,D
13883,B
13884,B
13886,A
13887,C
13888,A
13889,A
13890,A
13894,A
13898,D
13907,A
13908,B
13911,B
13915,A
13917,A
13918,A
13919,A
13920,D
13921,A
13922,B
13924,A
13925,A
13927,B
13931,A
13932,B
13935,A
13936,C
13940,B
13942,A
13947,C
13950,C
13951,B
13954,C
13957,A
13958,A
13959,A
13962,A
13965,D
13966,A
13968,A
13971,B
13974,A
13976,A
13978,C
13981,B
13982,A
13983,A
13984,B
13986,C
13987,C
13989,A
13990,D
13991,A
13992,C
13993,C
13995,C
13998,B
13999,C
14001,A
14002,A
14004,C
14005,C
14007,A
14008,A
14011,C
14012,C
14014,A
14015,B
14016,C
14019,D
14020,D
14022,A
14025,D
14026,D
14027,C
14034,C
14035,A
14036,A
14038,A
14039,B
14040,B
